clip_id,clip_title
p09x37lb,RuPaul's Drag Race UK Trailer (short)
p09wm3nw,Panorama: Football's Broken Dreams Trailer (short)
p09vdsk3,CBeebies Storytime app - Trailer (short)
p09wr3zc,Float Trailer (short)
p09vdpyw,Ninja Express - Trailer (short)
p09w90hl,BBC iPlayer Box Sets Trailer (short)
p09wn0tq,Charli XCX's Best Song Ever Trailer (short)
p09vgy7h,MOTDx Trailer (short)
p09xgtwt,Blankety Blank Trailer (short)
p09wwww4,Vigil Box Set Trailer (short)
p09my7wf,Hey Duggee - Trail (short)
p09xgspd,Love CBeebies - Trailer (short)
p09vhfqc,The North Water Trailer (short)
p09vczh4,Radio 1's Live Lounge Month 2021 Trailer (short)
p09xc6f2,The Mating Game Trailer (short)
p09ww05t,Show Me the Honey - Trailer (short)
p09vdq4r,B.O.T. and the Beasties - trailer (short)
p09x62jf,Trending Now Trailer (short)
p09wvz5r,Bellator MMA Trailer (short)
p09xh51s,Women's Super League Trailer (short)
p09vdq5p,Biff and Chip - Trailer (short)
p09wvyts,Tish Tash - Trailer (short)
p09w50vf,Strictly Come Dancing Trailer (short)
p09xc0kx,Angels of North Trailer (short)
p09ws3qg,Cristiano Ronaldo: Impossible to Ignore Trailer (short)
p09vxp6d,Alma's Not Normal Trailer (short)
p09vlnrl,Nova Jones - Trail (short)
p09wr84v,RuPaul's Drag Race UK Trailer (short)
p09w5d7k,"Seven Worlds, One Planet Trailer (short)"
p09xd6gq,Good Trouble Trailer (short)
