episode_id,content_title
p09qh70p,Pokémon: Diamond and Pearl - Giratina and the Sky Warrior
m000zp2l,Biff and Chip - Dragon
p08vwr8y,Catch Her If You Can
b00kvq4g,Horrible Histories - Episode 8
m000zxy1,EastEnders - 24/09/2021
m000slk1,Andy's Aquatic Adventures - Andy and the Storm Petrel
b0117cfm,"Raa Raa the Noisy Lion - A Time to Be Quiet, a Time to Be Loud"
b00lkndy,Horrible Histories - Episode 12
p07fptd3,Keeping Faith - Episode 1
p09kw5v0,Ghosts - The Woodworm Men
b00xj8vd,"Silent Witness - Lost, Part 1"
b00ftb5d,Episode 3
m000qq5g,Would I Lie to You? - At Christmas
m000266y,Numberblocks - Eleven
m000znw3,Measuring Mass: The Last Artefact
p09ljc3f,"Good Trouble - Whoosh, Pow, Bang"
b06xl86g,Teletubbies - Red
b0b7rkjv,Bitz & Bob - Incredible Duck Trek
p09sj4h8,Back to Life - Episode 4
p05yd2bx,This Country - Random Acts of Kindness
p09wjqvv,Good Trouble - Closing Arguments
m000h4jj,A Monster Calls
m000jl2n,Go Jetters - Go Jet Academy: Stop Those Superweeds
m000zwzd,Casualty - The Road Less Travelled
m000zhht,Gardeners' World - Episode 25
p08vqq5g,Pretty Little Liars - The Jenna Thing
m000g1w4,Dog Loves Books - Dog Loves Warm
p05fcsg8,Fentanyl: Deadlier Than Heroin
b08dr1l3,Numberblocks - The Whole of Me
b062rhwx,Horrible Histories - Bolshy Boudica Special
b008x3p7,Mistresses
p00bzc2m,The Good Life - The Day Peace Broke Out
b01cbn95,Andy's Wild Adventures - Black Bears
m000zpy9,The Repair Shop - Episode 16
b0brjmxx,Molly and Mack - The New Stall
m000zjm1,Rege-Jean Page - King of the Classroom
b074g968,Operation Ouch! - Best Of...
b09hv6y3,Hey Duggee - The Stick Badge
m00103mq,Chris and Meg's Wild Summer - Cairngorms
m001042v,Richard Osman's House of Games - Week 7: Tuesday
b06r8pb8,"Go Jetters - Chichen Itza, Mexico"
b0bbylrt,The Next Step - Coup d'Etat
p09r3qkh,Alma's Not Normal - Boom and Bust
b0b6ydpy,Odd Squad - Orchid's Almost Half Hour Talent Show
p09ljb7t,Good Trouble - Arraignment Day
p084735c,Andy and the Band - Art and Crafty
b03gmh88,Show Me Show Me - Trombones and Jumpers
p09v6p3r,Biff and Chip - Movie Night
m000zhzm,A House Through Time - Episode 1
m00104by,Defenders UK - Episode 5
m000cd4h,Panorama - The Prince and the Epstein Scandal
p09pmg18,So Awkward - Meddle of Honour
b02w4jkh,Peter Rabbit - The Tale of Benjamin's Strawberry Raid
m0009fhr,Dublin Murders - Episode 1
m000z8jc,Number 1 Newton Avenue - Wrong Way
p07b3z71,Killing Eve - Smell Ya Later
m000t16h,Numberblocks - Your Turn
m000zwym,Escape to the Country - Cheshire
p09f94dm,Baptiste - Episode 5
b06ptqyd,Teletubbies - Favourite Things
m001040s,Strictly - It Takes Two - Episode 5
p09vc7r8,Ridley Road - Episode 1
m000npbn,Detroit
p08mncsv,Good Trouble - Allies
p00bzm0y,15 Storeys High - The Sofa
p09mr04s,The North Water - Episode 3
m000x28k,Bluey - Pirates
m000z4jg,In Tandem: The Neil Fachie Story
p0102qfj,Room on the Broom
m000frcl,Storyville - The Rise and Fall of a Porn Superstar
b09tn1qy,Waffle the Wonder Dog - Meeting Waffle
b00788rg,Black Narcissus (Film)
m000w1pj,Hospital - Episode 1
m000t95h,Top Gear - Episode 1
m000rpq1,Dennis & Gnasher Unleashed! - The Artful Gnasher
m000xp3c,Ninja Express - Awesome Cleaning Robots
b0bhrjyy,Bitz & Bob - Bitz and Bob's Toy Shop
p09v66w7,Biff and Chip - The Seed Thieves
m00104kt,Defenders UK - Episode 3
p09vy6fq,Comedy Threesomes - Episode 1
p09t2cv8,Fort Salem - A Tiffany
b008yw80,Mistresses
b051v42j,Call the Midwife
p09jpcnh,CoComelon - Bingo
m000m7l4,Mortimer & Whitehouse: Gone Fishing - Episode 2
b03wc6kd,Eustreptospondylus and Ammonite
m000rjls,"Maddie, Space and You - Solar System"
m000zpvy,Celebrity MasterChef - Episode 17
m000zr1q,"QI - Secrets, Spies & Sleuths"
m000wpsd,Bluey - Keepy-uppy
p089kmdv,Killing Eve - Are You Leading or Am I?
m001040d,Antiques Road Trip - Episode 18
p09mr04y,The North Water - Episode 4
p04qvrhb,This Country - Scarecrow
p09r4bkh,Gossip Girl (2007-12) - Reversals of Fortune
m000w7b7,Hospital - Episode 2
m0010b6j,Saturday Kitchen - 02/10/2021
m0010bbl,Songs of Praise - 60th Anniversary
m000zypq,QI - Shady & Shaky
b0by8k8w,Death in Paradise
b06mfsc9,Hey Duggee - The Sewing Badge
p09r71zx,Gossip Girl (2007-12) - Belles de Jour
b06pyw3w,Storyville - Orion: The Man Who Would Be King
p09pm3f7,The Cleaner - The Influencer
b09w2xrg,Waffle the Wonder Dog - Waffle Misses Doug
m000q5z3,The Mercy
m000zx0r,Countryfile - Bromyard Hops
m000mg0l,Invictus
m00103d2,Tish Tash - The Ant's Cookie
m000vv9r,Bluey - Spy Game
m000wptw,Bluey - Grannies
p09lk5nz,Good Trouble - She's Back
p08mq6n2,Good Trouble - Re-Birthday
b06jgz52,Danger Mouse - The Return of Danger K
p09l2c7t,Beck - The Lost Son
m000zgkd,JJ Chalmers - Kind
m000zgqr,The Hit List - Episode 1
m000zgqw,Casualty - No Harm Done
m000zgwk,Panorama - Who’s Protecting Our Kids?
p09t2qcj,The Goes Wrong Show - The Most Lamentable...
p09v6n25,Biff and Chip - Anneena's Ball
m0010bb8,Breakfast - 03/10/2021
b06z64mh,Teletubbies - Big Dance
b0b6441q,Odd Squad - High Maintenance
m000h51y,Deadly 60 - Shark Rescue Special
p02sx893,Premium Bond with Mark Gatiss and Matthew Sweet
b07lt5b2,Odd Squad - Game Time
m000rymh,Shakespeare in Love
m000fst0,Little Big Awesome - Let's Get to That Thing!
p08mq501,Good Trouble - Swipe Right
p09mr052,The North Water - Episode 5
b07bb4gb,Teletubbies - Waving
p09lx0mb,The Hunt for a Killer - Episode 2
m0010b77,Strictly Come Dancing - Week 2
m000zpx1,Doctors - Rest in Peace
p09mr04p,The North Water - Episode 2
m000wpns,Bluey - Doctors
p089j8dm,Normal People - Episode 6
p09pmgtk,So Awkward - Audition
p09r7778,"Gossip Girl (2007-12) - Goodbye, Columbia"
p09mr04j,The North Water - Episode 1
p046dxfw,Episode 1
m00104cq,EastEnders - 01/10/2021
b02xctww,Peter Rabbit - The Tale of The Lying Fox
m0005y7j,Numberblocks - Fifteen's Minute of Fame
b01ppsm3,Mrs Brown's Boys - The Virgin Mammy
p09ljmmd,Good Trouble - Klompendansen
b008pccw,Mistresses
p08mq68n,Good Trouble - Willful Blindness
p0954qd2,"The Terror - Punished, as a Boy"
m000yhlk,Equals
b06t09rk,Stick Man
b08q39b4,Numberblocks - Just Add One
m000zwz3,Strictly Come Dancing - Launch Show
p00bgffc,Only Fools and Horses - A Touch of Glass
b09j07x9,Class Dismissed - Child Care Issues
m001046h,Richard Osman's House of Games - Week 7: Thursday
m00104cb,Antiques Road Trip - Episode 20
m00105mr,TRNSMT - Episode 1
m000s5y6,Incredible Journeys with Simon Reeve - Episode 3
p09pmfq8,So Awkward - Hot Sauce
b06qn56d,Teletubbies - Footprints
m000zyg0,Chris and Meg's Wild Summer - North East Coast
b0851kfd,Episode 2
m000zxy9,The Graham Norton Show - Episode 1
p089j9g2,Normal People - Episode 11
m000p4pv,Strictly Come Dancing - Week 2 Results
b08p1gz9,The Next Step - Here Comes Your Man
b09483gz,Swashbuckle - Sinker's Message
b008pwmb,Mistresses
b00pk64x,The Gruffalo
m00103s0,Pointless - Episode 22
p09lk76z,Rosie
p09vc7rb,Ridley Road - Episode 2
p09r5syr,Gossip Girl (2021) - Parentsite
m0010b4n,Saturday Mash-Up! Live - Episode 21
p00bzc88,The Good Life - Mutiny
b017lcxg,Raa Raa the Noisy Lion - Jungle Jiggles
m00104wj,Pointless - Episode 20
p09mqvrw,Fever Pitch: The Rise of the Premier League - Episode 2
m00104g5,The Women's Football Show - 26/09/2021
m000zxy3,Question of Sport - Episode 4
m000qr8t,Mrs Brown's Boys - Mammy's Memories?
b0406w88,Episode 1
m000wvy2,Your Home Made Perfect - Natasha and Gael
b050s7p4,Hey Duggee - The Paddling Pool Badge
p09lk52g,Good Trouble - Driver's Seat
m000z3m2,Number 1 Newton Avenue - Racing Cars
m00029tw,Numberblocks - Fifteen
p09v6j3z,Biff and Chip - Paradise Island
p09mqvry,Fever Pitch: The Rise of the Premier League - Episode 3
p09qkkrb,Models: Street to Catwalk - Episode 3
b088rpq4,Swashbuckle - Handbook Havoc
b0bls8yj,Numberblocks - Once Upon a Time
b0blsqtz,Numberblocks - Blockzilla
m0003lwx,I Remember You
m000t1cj,Would I Lie to You? - The Unseen Bits
m000zp6j,The Hit List - Episode 2
p09lx0k6,The Hunt for a Killer - Episode 1
m000xp2d,Ninja Express - Viking Beats
p00bzcff,The Good Life - Home Sweet Home
b01ppv7w,Octonauts - Octonauts Special: The Amazon Adventure
m000zxhc,Prince Philip: The Royal Family Remembers
p08xkspf,Defending Digga D
m000zqsp,Take a Hike - Devon - Helen
p09gv90z,Motherland - Episode 4
p09ljq0h,"Good Trouble - Because, Men"
m000z8vv,Mortimer & Whitehouse: Gone Fishing - Episode 1
m000zyn6,Saving Lives at Sea - Episode 5
p096h12v,Zara McDermott: Revenge Porn
m000zpl6,EastEnders - 14/09/2021
m000c133,Go Jetters - Go Jet Academy: Sea Arch Escape
m00103pb,University Challenge - Episode 12
m001043c,A House Through Time - Episode 4
p09gvb8k,Motherland - Episode 5
m00095n1,To Catch a Thief
b05qsc5p,The Next Step - My Boyfriend's Back
m000rr2z,Mock the Week - Episode 10
m000wn93,Call the Midwife - Special Delivery
b01cz258,Alphablocks - Taps
p09tnngk,"Fort Salem - Mother of All, Mother of None"
b04ks33k,Show Me Show Me - Robots and Colanders
p09lx0mk,The Hunt for a Killer - Episode 4
m00104c0,Bargain Hunt - Wrexham 16
b0bty4vr,People Just Do Nothing - Definitely Asthma
m000zypl,The Hairy Bikers Go North - Lancashire
b07wwq4f,"Go Jetters - Loch Ness, Scotland"
m0009mg2,Your Home Made Perfect - Episode 8
m000y2k5,The Dumping Ground - Festival Fibber
m00103dc,Inside America's Treasure House: The Met - Episode 3
b008vs16,Mistresses
m001040q,Richard Osman's House of Games - Week 7: Friday
m000zgdy,Vivaldi Unmasked
m000t8hh,"Dennis & Gnasher Unleashed! - Bash Streets Back, Alright!"
p09v6dmw,Biff and Chip - The New Sofa
p09kw5v2,Ghosts - I Love Lucy
m0010b7f,Casualty - Warning Signs
b08bzgt8,Numberblocks - Two
m000yxk5,Jay's Yorkshire Workshop - Episode 1
p09pm3dr,The Cleaner - The Writer
m000zx0p,RHS Chelsea Flower Show - Episode 1
p00yb434,Seven Ages of Starlight
b08ftdw6,Cardinal - Keith
m00103k7,Tish Tash - Traffic Jam
m0001qyv,Bros: After the Screaming Stops
m00103mj,Women's Super League - Manchester Utd v Chelsea
m00103p6,Mastermind - Episode 4
m0009tq8,The Spy Gone North
m000gwzj,Mark Kermode's Secrets of Cinema - Spies
m000zgk5,Hey Duggee - The Soap Opera Badge
m000znv8,Inside America's Treasure House: The Met - Episode 1
p07t80n5,Ladhood - The Fight
m000r6jx,Scooby-Doo and the Curse of the Lake Monster
m0010cqw,London Marathon - Highlights
p09n00zg,Missions - Singularity
b048sj6w,Bing - Bake
m001046m,Take a Hike - Scotland - Cathy
m000zxcw,Homes Under the Hammer - Episode 59
m000zxd6,RHS Chelsea Flower Show - Episode 10
p06kbg8t,Killing Eve - Nice Face
m000zwrn,Nova Jones - Friends of Nova
m000zhft,Ambulance - Episode 5
m000371x,Hey Duggee - The Being Quiet Badge
b0435kfx,Happy Valley
p09qsmwz,Gossip Girl (2007-12) - Never Been Marcused
m000wvpd,Bluey - Takeaway
b05nyyd9,Storyville - Masterspy of Moscow: George Blake
m00103ms,The Last Mountain
p09rxfss,The Thin Blue Line - Honey Trap
p09klfp3,Pose - On the Run
b0506jpv,Hey Duggee - The Jam Badge
p09lj9tv,Good Trouble - Capoeira
m000pqtb,Dennis & Gnasher Unleashed! - The Great Beanotown Comic Con
p09t60xm,Hey Duggee - Potty Song
b086yzpm,The BFG
m000qq5j,Zog and the Flying Doctors
m00104hr,EastEnders - 27/09/2021
p09t2dxk,Fort Salem - Brianna's Favourite Pencil
p09rdpp9,Gossip Girl (2007-12) - The Fasting and the Furious
m0006w0h,True Story
m000zwzk,EastEnders - 20/09/2021
m00103m5,RHS Chelsea Flower Show - Highlights
m000wpn5,Maddie's Do You Know? - Cable Car and Viewing Tower
m000zhk4,Chris and Meg's Wild Summer - Snowdonia
p09fxzd3,Glow Up: Britain's Next Make-Up Star - Episode 4
b036yzwl,Horrible Histories - Episode 11
m000xqc4,Molly and Mack - The Perfect Pet
m0007gcv,Numberblocks - Land of the Giants
b06qhzzp,Teletubbies - Bumps!
m000tv2l,Hey Duggee - The Bridge Badge
p02ty1n4,Amy Winehouse in Her Own Words
p09pm3dv,The Cleaner - The Widow
b045g6r7,Happy Valley
p09vy7fh,Comedy Threesomes - Episode 3
m001046w,"QI - Sideshows, Stunts & Scavenger Hunts"
b007l3jw,Gavin & Stacey - Episode 3
m000zpbm,EastEnders - 17/09/2021
b00snwwk,Horrible Histories - Episode 1
m000fc6n,Andy's Aquatic Adventures - Andy and the Sea Kraits
b04vs4t2,Hey Duggee - The Tinsel Badge
p09kw5vd,Ghosts - Part of the Family
m00095lv,The King's Choice
m000zgw0,Escape to the Country - Shropshire
b01cz386,Alphablocks - Din
m000ywnz,Destroyer
m000xhv3,Dragons' Den - Episode 13
m00104w7,Doctors - Bad Influencer
m000ypfx,"The Dumping Ground - Run, Rescue, Repeat"
m000ft3l,Little Big Awesome - Sorry Mr Sun
m001043n,NFL This Week - 28/09/2021
m00104gl,Defenders UK - Episode 1
m000zxfs,Question Time - 23/09/2021
m0004hcs,Ghosts - Gorilla War
p032kkpm,Only Fools and Horses - The Only Fools and Horses Story
m000zp3b,Biff and Chip - Playing Magicians
m0002658,Almost Never - The Chicken
m000trp0,Hey Duggee - The Babysitting Badge
m000zpd8,EastEnders - 13/09/2021
m00086rd,"Go Jetters - Middle of the World City, Ecuador"
m00029tp,Numberblocks - Fourteen
m000zp2d,Number 1 Newton Avenue - Dominoes
b02vqqgy,Peter Rabbit - The Tale of the Greedy Fox
m000n9j1,Panorama - Australia Burning
m000zhk8,The Keeper
p09tnyrh,The Scotts - Episode 2
m000zznn,The NFL Show - 24/09/2021
p09p5hfw,Serengeti II - Intrigue
b0btc456,Storyville - Hurt Locker Hero
m00104gz,Doctors - Silver Lining
b0117dgl,Raa Raa the Noisy Lion - Raa Raa Finds a Voice
b0723bbt,Happy Valley
b08bzgxx,Numberblocks - Three
m000fl3x,Andy's Aquatic Adventures - Andy and the Sarcastic Fringehead
m000qz7z,We Bare Bears - Burrito
m000ywgd,Eaten by Lions
p09vxb8r,Hey Duggee - Wheels on the Bus
b0528ngb,Hey Duggee - The Balloon Badge
m00103sh,Question Time - 30/09/2021
p09fs2x4,Time - Episode 1
b06g14n8,The Next Step - I Hope I Get It
m000t86z,Storyville - Dark Secrets of a Trillion Dollar Island: Garenne
b01p2lyf,The Killing - Episode 4
b09g45l6,Yakka Dee! - Dog
b06h8rp7,Danger Mouse - Welcome to Danger World!
m0006s5q,Numberblocks - I Can Count to Twenty
b06cp7tx,Hank Zipzer - Open Day
p09r8wjp,Gossip Girl (2007-12) - Gaslit
m000z99k,Vigil - Episode 2
b0b8lfqb,Hey Duggee - The Looking After Badge
m0010b6w,Money for Nothing - Episode 4
b03tzpcj,Shaun the Sheep - The Genie
m0006rrv,Numberblocks - Flights of Fancy
m00104l7,Doctors - Price
b087yy4c,The World's Most Extraordinary Homes - Mountain
b036mytg,Peter Rabbit - The Tale of the Lucky Four Leaf Clover
m001044k,Strictly - It Takes Two - Episode 3
m00104h9,Pointless - Episode 19
m00104hk,The One Show - 27/09/2021
p09wjq18,Good Trouble - Lunar New Year
p09nlqvm,Almost Never - Spot the Difference
b06h8vl4,Danger Mouse - The Other Day the Earth Stood Still
m000zptq,Doctors - A Great Day for the Race
m000zpbp,Celebrity MasterChef - Episode 18
m000vt61,Call the Midwife - Episode 3
b060krtb,Hey Duggee - The Cardboard Box Badge
m000zx0w,Vigil - Episode 5
p08zh7qb,The Serpent - Episode 6
p07qpssy,Float - Episode 1
p09mqvrt,Fever Pitch: The Rise of the Premier League - Episode 1
b0by8xnl,"Silent Witness - Two Spirits, Part One"
b01cbpnd,Andy's Wild Adventures - Grasscutter Ants
b0brzfdy,"The Next Step - His Girl, Summer"
m000qf09,Mortimer & Whitehouse: Gone Fishing - Gone Christmas Fishing
p08qysm5,Ghosts - The Grey Lady
m001043x,Antiques Road Trip - Episode 16
m00104cd,Pointless - Episode 23
m00104cn,Question of Sport - Episode 5
p09qt2zs,Gossip Girl (2007-12) - Chuck in Real Life
p06myb3d,In My Skin - Episode 1
m000zxg1,Escape to the Country - Devon
m000zwp0,The Sky at Night - Question Time
b047d4q3,Bing - Musical Statues
b0464h20,Happy Valley
m000h3mf,Alma's Not Normal - Feng Suey
b08651j3,Episode 3
m000zgdc,Garage People
p08zhgmb,Traces - Episode 1
b07bt510,Teletubbies - Catch the Ball
p09t2qp6,The Goes Wrong Show - There Is No Escape
b07mhx93,Odd Squad - O Games Part Two
m000zqtp,A House Through Time - Episode 2
m000slmm,Forensics: The Real CSI - Murder At The Party
p09pmlx2,So Awkward - Burke Hill TV: Love and Romance
b036mytd,Alphablocks - Cowboy
m00104db,The Andrew Marr Show - 26/09/2021
m00032wd,Danger Mouse - The World Is Full of Stuff
m000f1xp,Secrets of the Museum - Episode 1
p08qyx1t,Ghosts - The Thomas Thorne Affair
p09pm8b0,Vigil - Episode 1
p09pm3f0,The Cleaner - The Neighbour
m000zp2g,Biff and Chip - Floppy's Obstacle Course
m00103s8,Ambulance - Episode 1
b060kvhx,Hey Duggee - The Sandcastle Badge
m000cj05,The Wee Man
p09v67y2,Biff and Chip - Superheros
m000zxf6,Ambulance - Episode 6
m00104jb,The Apprentice Australia - Selfie-Inspired Artworks
p09hbjbj,RuPaul's Drag Race Down Under - Episode 4
m000ptfw,Grace's Amazing Machines - Grace's Favourite Machines
b0bwdw8y,Zog
p09lk3qm,Good Trouble - New Moon
m000qpzk,Ghosts - The Ghost of Christmas
p09r3qkb,Alma's Not Normal - On Record
m000t8qx,Whiplash
m000y8xw,The Dumping Ground - Losing Your Cool
b0bk8v54,QI - Panimals
p09qwdfr,Gossip Girl (2007-12) - Bonfire of the Vanity
m0008k6r,Horrible Histories - Heroic Home Front
p09kw5vv,Ghosts - Something to Share?
p09qxgl9,Gossip Girl (2007-12) - The Grandfather
m00080n0,Go Jetters - Honey Bee Hijack
m000zyls,Mastermind - Episode 3
m000zypj,RHS Chelsea Flower Show - Episode 11
p09qwchb,Gossip Girl (2007-12) - There Might Be Blood
m000zjnx,After 9/11: Scotland’s Story
m000zxhf,"Silent Witness - Reputations, Part 2"
p09kw5wf,Ghosts - The Bone Plot
m0004wx1,Ghosts - Free Pass
m000st7v,Andy's Aquatic Adventures - Andy and the Saddleback Clown Fish
m00103dz,Leeds International Piano Competition - 2021
m000zp0p,Biff and Chip - New Neighbours
b0blsx34,Numberblocks - Zero
b0967g76,Swashbuckle - Little Sea Monster
b0bhr520,Go Jetters - Go Jet Academy: Volcanic Island
m000bsdg,Grace's Amazing Machines - Grace's Favourite Machines
m000vcls,The Repair Shop - Episode 1
m000zyg2,Last Man Standing: Suge Knight and the Murders of Biggie and Tupac
m000zp4v,RHS Chelsea Flower Show - Preview
m001046r,Don't Exclude Me - Episode 1
m000zxxj,The Repair Shop - Episode 2
m000zxh4,EastEnders - 21/09/2021
b018nrhm,The Gruffalo's Child
m000zwqr,Neutrino: Hunting the Ghost Particle
p09pm3f9,The Cleaner - The One
p09v6gvd,Biff and Chip - Buried Treasure
p09f94d8,Baptiste - Episode 1
b00gd0vc,The Royle Family - The New Sofa
m000y2nm,Molly and Mack - Hidden Talents
m00103yb,Match of the Day - 25/09/2021
b01cnyk5,Andy's Wild Adventures - Flamingos
m0010bbz,The Mating Game - In Plain Sight
p09qwfxc,Gossip Girl (2007-12) - The Magnificent Archibalds
m0002674,Numberblocks - Twelve
b06zyqt0,Teletubbies - Party!
b01qylgp,"Sarah & Duck - Sarah, Duck and the Penguins"
m000jsp8,Maddie's Do You Know? - Airport Baggage and Rucksack
m000r0dl,Casualty - Episode 1
m001044y,Jay's Yorkshire Workshop - Episode 6
m00104fg,Countryfile - One Man and His Dog 2021
b08dmjsk,Numberblocks - Holes
b0b52c5s,"Go Jetters - Timgad Ruins, Algeria"
p09qs9cx,Gossip Girl (2007-12) - Pilot
b01p97hr,... Sings Bond
m000cff1,Responsible Child
p09rbpsq,Gossip Girl (2007-12) - Woman on the Verge
m000rgq4,Scooby-Doo Adventures: The Mystery Map
m000z8b3,Hercule Poirot and the Disappearing Novelist
m0010cwc,2021
p09qh6p4,Pokémon: Diamond and Pearl - The Rise of Darkrai
b01qmsgk,Old Jack's Boat - King Neptune's Shell
p089j7yq,Normal People - Episode 4
m001044f,Richard Osman's House of Games - Week 7: Wednesday
b088rfm6,Swashbuckle - Seaweed Machine
b0b119wl,The Zoo - Woody's Top Ten
m000trpr,"Maddie, the Plants and You - The Flowers"
p08mq71z,Good Trouble - Less Than
p09w0j1s,Movies With Ali Plumb - Karen Gillan: The Story So Far
p09r3qkd,Alma's Not Normal - Sticking With You
b01b1zrk,Sus
p09jn5pm,CoComelon - Ants Go Marching
m000znx2,Three Men in a Boat
b0b9dzfk,Waffle the Wonder Dog - Waffle's Big Night In
b048sjp5,Bing - Train
b0bhr8ch,Go Jetters - Go Jet Academy: Global Gameshow
m0010437,Saving Lives at Sea - Episode 6
m000x45q,Bluey - Fairies
p09t2pyf,The Goes Wrong Show - Summer Once Again
b06pz1xm,Teletubbies - Musical Box
p09wjqhd,Good Trouble - Anticipation
m000zxds,EastEnders - 23/09/2021
p09wjnpy,Good Trouble - Making a Metamour
p07b40hy,Killing Eve - Wide Awake
m000zhrp,Jay's Yorkshire Workshop - Episode 3
m000z9b0,Ambulance - Episode 4
b0b7hzqp,Odd Squad - The Perfect Score
m000x28m,Numberblocks - Steps Versus Squares
p09sjkmm,Tonight with Target - Episode 1
b0bb2ffx,Waffle the Wonder Dog - Blockade Waffle
m000wvny,Bluey - Blue Mountains
m00103mg,Saturday Kitchen Best Bites - 26/09/2021
m001042z,Strictly - It Takes Two - Episode 2
m0010hyn,Blankety Blank - Episode 1
m000ypzy,Money for Nothing - Episode 1
p09fslm7,Movies With Ali Plumb - Lily James: The Story So Far
p09mqvs0,Fever Pitch: The Rise of the Premier League - Episode 4
b060k9gb,"Arthur - The Last Day, Part 1"
b01rh82s,Sarah & Duck - Fairground
b06g14ng,Danger Mouse - Pink Dawn
b06fwzhj,Danger Mouse - Danger Mouse Begins... Again!
m000sw66,Andy's Aquatic Adventures - Andy and the Sea Urchins
b04nyq1y,The Missing - Pray for Me
p09pm3f4,The Cleaner - The Aristocrat
b00787tv,Porridge - Pardon Me
b09kkt1k,The Highway Rat
m000zp53,Vigil - Episode 4
m000zr1l,Richard Osman's House of Games - Week 5: Thursday
m00103p8,Only Connect - Godyn Family v Woolgatherers
m00103ry,Antiques Road Trip - Episode 19
m000ypt5,Michael McIntyre's The Wheel - Episode 3
p09v9s0j,TRNSMT - Retro Video Club
m000vl15,Escape to the Country - Hampshire
b093q9q5,The Zoo - Into the Lion's Den
m00104fq,Vigil - Episode 6
p09r5sj0,Gossip Girl (2021) - Just Another Girl on the MTA
b08dmn88,Numberblocks - Hide and Seek
p09rvglk,Movies With Ali Plumb - Jodie Comer: The Story So Far
m000fc16,Andy's Aquatic Adventures - Andy and the Blue Whale
p09r5srm,Gossip Girl (2021) - She’s Having a Maybe
m0010cpj,Mortimer & Whitehouse: Gone Fishing - Episode 6
m000pjwr,Strictly Come Dancing - Week 4
m00103fr,The Blob: A Genius without a Brain
p09m8z51,High: Confessions of an Ibiza Drug Mule - Episode 1
b047cz86,Bing - Frog
p08qyvrv,Ghosts - Redding Weddy
m00103s6,EastEnders - 30/09/2021
p08mq7zj,Good Trouble - Vitamin C
m000vvf6,Bluey - Butterflies
m000g1kx,The Beguiled
b04y9ffj,Hey Duggee - The Summer Holiday Badge
p0954rlq,"The Terror - First Shot a Winner, Lads"
m0008597,Southside with You
b071g1mq,Happy Valley
m000zyn2,RHS Chelsea Flower Show - Episode 6
b0b7r2kn,Mortimer & Whitehouse: Gone Fishing - Episode 1
m00104fb,RHS Chelsea Flower Show - Best of 2021
m00104vv,Defenders UK - Episode 2
b051rvcr,Hey Duggee - The Get Well Soon Badge
p09wjqmz,Good Trouble - Blindside
m000zxf0,Shop Well for Less - The Davis Family
b084fs2p,Storyville - The Cult That Stole Children - Inside the Family
b09zg6f4,Secret Agent Selection: WW2 - Episode 1
p08zcy58,Hey Duggee - Jingle Bells
m000yq5k,Ambulance - Episode 1
m000zgzc,EastEnders - 07/09/2021
m000zqx1,Chris and Meg's Wild Summer - Lake District
b08cr0y7,Numberblocks - Off We Go
b0b4d9q7,Hey Duggee - The Wedding Badge
m00103mn,Mortimer & Whitehouse: Gone Fishing - Episode 5
p09lk4m5,Good Trouble - Trust
m00107kx,The NFL Show - 01/10/2021
p09qwzpk,Gossip Girl (2007-12) - It's a Wonderful Lie
b060k9nx,"Arthur - The Last Day, Part 2"
b0b8l69n,Hey Duggee - The Grandparents Badge
m000csm7,Gavin & Stacey - Christmas Special
b036nthc,Horrible Histories - Episode 10
m000f9b2,Secrets of the Museum - Episode 2
p09tnt9b,Movies With Ali Plumb - Bond: A Daniel Craig Special
m00104f2,Global Citizen Live: Music Festival for the Planet - Highlights
p09wjq6d,Good Trouble - Opening Statements
m0004pwp,Ghosts - Happy Death Day
p09rdnsm,Gossip Girl (2007-12) - Beauty and the Feast
b01db91m,Alphablocks - Up
m000m7yz,Tinker Tailor Soldier Spy
m000wx7g,The Dumping Ground - Moment of Truth
p07b3w77,Killing Eve - The Hungry Caterpillar
b08bl0n9,Swashbuckle - Are We Having Fun Yet?
m000k4xh,Hey Duggee - The Taste Badge
p09nlf5g,Write Around the World with Richard E Grant - Episode 1
b08wn37x,Hey Duggee - The Going Slow Badge
m000y8sr,So Awkward - A Whole New Lily
p09qxp5t,Gossip Girl (2007-12) - The Wild Brunch
b01q0lqn,Alphablocks - Hey!
m0006rr5,Numberblocks - Twenty
m0010cwf,The Spice Girls at the BBC
p09sj2ps,Back to Life - Episode 1
b008s8qd,Mistresses
b0blqs4c,QI - Piecemeal
m00104x6,Holby City - Episode 26
m000bjw3,Bing - Ball
p09rdpbj,Gossip Girl (2007-12) - Memoirs of an Invisible Dan
m0003wrk,Waffle the Wonder Dog - Waffle at the Kennels
b0bmkj57,Numberblocks - Building Blocks
p07b3wxh,Killing Eve - Desperate Times
b09484kb,Swashbuckle - Sharks!
m000zx9h,When Nirvana Came to Britain
m000zpdd,"Silent Witness - Bad Love, Part 1"
p09vx739,RuPaul's Drag Race UK - Episode 2
b0bbykfj,The Next Step - Dance-Zilla
b00zx8j9,Mrs Brown's Boys - Mammy's Miracle
m000x2ps,Your Home Made Perfect - Lei Ying and David
b00xbcj9,"Silent Witness - A Guilty Mind, Part 1"
m000z8yt,Celebrity MasterChef - Episode 10
m000zh5t,EastEnders - 10/09/2021
m000vjd5,Songs of Praise - The Duke of Edinburgh
p09jgk2v,The Boleyns: A Scandalous Family - Episode 2
b06h939t,Danger Mouse - Jeopardy Mouse
m000sf7p,Andy's Aquatic Adventures - Andy and the Fur Seal Pup
b05n8th0,Ordinary Lies
m000mh1t,"Maddie, the Zoo and You - Why Do We Eat?"
m001044t,Your Home Made Perfect - Jacqueline and Jamie
m001046k,Strictly - It Takes Two - Episode 4
m000v4k1,Escape to the Country - Cornwall
m000qz5d,We Bare Bears - Panda's Date
m000zpbw,Bill Bailey: Larks in Transit
m00103mv,Golf: Ryder Cup - Day Three Highlights
b00cbmbl,Top Gear
p09sjdd7,Back to Life - Episode 6
m000fzz4,Dog Loves Books - Dog Loves Snark
m000zh5m,Question of Sport - Episode 2
p09gt0k0,The Pact - Episode 5
p09r3nfb,Gossip Girl (2007-12) - Dirty Rotten Scandals
b00kcrb1,Horrible Histories - Episode 4
b009kcrb,Gavin & Stacey
m000q6r1,Countryfile - Black Mountains
p09t2flr,Fort Salem - My 3 Dads
b01rbznt,Octonauts - Swashbuckling Swordfish
m001045z,Antiques Road Trip - Episode 17
m000zxh8,Holby City - Episode 25
p09rdqqv,Gossip Girl (2007-12) - G.G.
m000x2js,Bluey - The Creek
b08c2vqm,Swashbuckle - Sinker's Return
b0bmgc8k,QI - Parts
b06np8by,Peter Rabbit - The Tale of the Tricky Tortoise
m000t2vb,Numberblocks - Now You See Us
b01nlms7,Dame Fanny Waterman: A Lifetime in Music
m000wnkn,Your Home Made Perfect - Lisa and Judy
m00029t7,Numberblocks - Thirteen
p0954rlw,The Terror - A Mercy
p00bzdyh,My Family - I Second That Emulsion
m000zgzm,"Silent Witness - Redemption, Part 2"
b07bb2n7,Teletubbies - Rolling
p09qxw6j,Gossip Girl (2007-12) - The Handmaiden's Tale
p09qx3qy,"Gossip Girl (2007-12) - O Brother, Where Bart Thou?"
m000zpb2,The Repair Shop - Episode 1
p09r3nv2,Gossip Girl (2007-12) - It's Really Complicated
m000ywl1,Ambulance - Episode 2
m000cslw,The Snail and the Whale
m000zplk,"Silent Witness - Bad Love, Part 2"
m000x2kr,Hospital - Episode 6
b046ts21,Bing - Bye Bye
p09rdst2,Gossip Girl (2007-12) - Con Heir
b09529gt,Swashbuckle - Seaweed Super Soup
b09ys76x,Not Going Out - Pants on Fire
m000z2ry,Panorama - The Great British Staycation?
m00103m2,Rugby League: Super League Highlights - Elimination Play-Offs
p08mq5ld,Good Trouble - Byte Club
p09rxvdv,Ladybaby
b08wn4qf,Hey Duggee - The Obstacle Course Badge
p08kr5jj,Fort Salem - Say the Words
p09fs35m,Mayans M.C. - Our Gang's Dark Oath
b0b8lrgl,Hey Duggee - The Singing Badge
b00b0c5b,Gavin & Stacey
m000zgzh,Holby City - Episode 23
m000zyfy,Mortimer & Whitehouse: Gone Fishing - Episode 4
p09sj8yc,Back to Life - Episode 5
p09t2gzs,Fort Salem - Delusional
m001044p,Take a Hike - Scotland - Katrina
m00104d0,The Graham Norton Show - Episode 2
m000xpk7,Dragons' Den - Episode 14
m00049t7,Ghosts - Who Do You Think You Are?
m000zxh7,The Repair Shop - Episode 17
m000zqtt,Mortimer & Whitehouse: Gone Fishing - Episode 3
m000wvzw,Hospital - Episode 5
b0952f4f,Swashbuckle - Mini Cook and Line
m00103hw,Tish Tash - Space Frame
m000wfhj,Our Black History Heroes - Mary Seacole
m00038l1,Arcadia
m001040z,Gardeners' World - Episode 27
p08mnd6w,Good Trouble - Playing the Game
m000zgwp,"Silent Witness - Redemption, Part 1"
b09ysfdd,Bitz & Bob - Jungle Fashion Show
p09r5syp,Gossip Girl (2021) - Hope Stinks
b09p33qy,Great British Railway Journeys - Hull to Malton
m000vlt2,Line of Duty - Episode 6
b02xcvlg,Peter Rabbit - The Tale of the Angry Cat
b06ss5ph,Danger Mouse - The Snowman Cometh
b061b18l,The Next Step - What Are You Waiting For?
p09vc26h,RuPaul's Drag Race UK - Episode 1
m00104fz,Match of the Day 2 - 26/09/2021
p09r5sw2,Gossip Girl (2021) - Fire Walk with Z
p06kcglb,Killing Eve - Take Me to the Hole!
p09rxbg0,Hayley Goes... - Naked
m000zpby,The Graduate
m000fstk,Andy's Aquatic Adventures - Andy and the Caimans
b09hv4q0,Hey Duggee - The Colour Badge
m000y2g7,Storyville - Hillsong Church: God Goes Viral
p045vqdb,Dying For Weed
b04hc036,Bing - Something for Sula
m000nqtw,JoJo & Gran Gran - It's Time for Autumn Leaves
m000ywwg,Giant Little Ones
b03gmgvk,Show Me Show Me - Scarecrows and Statues
m0010b6t,Escape to the Country - Welsh Borders
m0010b7k,Match of the Day - 02/10/2021
m000zzd9,Roaming in the Wild - Doon the Kelvin
b048sq0k,Bing - Picnic
b09qmy54,"Silent Witness - One Day, Part One"
m00104ll,Pointless - Episode 21
m000rjgg,"Maddie, Space and You - Rockets"
m000f2dx,"Silent Witness - The Greater Good, Part 1"
b00828fn,Top Gear
m000qz5b,We Bare Bears - Chloe
p09v8k03,Nowhere to Run: Abused by our Coach
b0bmkmb3,Numberblocks - Hiccups
m000zgyt,Pointless - Episode 5
b06q6k5h,"Go Jetters - The Brandenburg Gate, Germany"
m0010b74,The Hit List - Episode 1
m000zyln,RHS Chelsea Flower Show - Episode 3
m000fl1f,Andy's Aquatic Adventures - Andy and the Weddell Seals
m00109x3,The Truth
m001045b,Boy Erased
m000z8b0,Miss Marple - The Moving Finger
p09wjmfb,Good Trouble - Knocked Down
p09wjpn9,Good Trouble - Picks and Strikes
m000d510,The Scotts - Pilot
m000zqry,Take a Hike - Devon - Colin
p09v8v5d,Radio 1's Live Lounge - Bring Me The Horizon
m00103nz,Richard Osman's House of Games - Week 7: Monday
m00103rt,Doctors - Fire and Rain
m000z8w2,When Ruby Wax Met... - Episode 2
m000zfwb,Gloria Bell
m000k4cx,Your Home Made Perfect - Episode 6
m000zhgm,QI - Sick
p080c1nh,Snowfall - Confessions
b04y9d7y,Hey Duggee - The Drawing Badge
b07559fj,"Go Jetters - Lake Titicaca, South America"
m00104my,28 Up: Millennium Generation - Episode 1
m000zhg7,A Killing in Tiger Bay - The Murder
b0444wqm,Happy Valley
m000w732,Call the Midwife - Episode 5
p09v8svx,Radio 1's Live Lounge - Mimi Webb
b0078zq5,Charlie and Lola - But That Is My Book
m00103p1,Strictly - It Takes Two - Episode 1
b03h837j,Show Me Show Me - Front Doors and Paths
m000yhqk,University Challenge - Episode 4
m000z8hr,Numberblocks - The Treasure of Hexagon Island
p09sj32g,Back to Life - Episode 2
p07l5qvv,RuPaul's Drag Race UK - Episode 1
b03n2w7m,Gangsta Granny
b021scjh,Horrible Histories - Episode 1
m000scch,Andy's Aquatic Adventures - Andy and the Green Sea Turtles
p08w0gvp,The Fresh Prince of Bel-Air - The Fresh Prince Project
p06kcfyp,Killing Eve - Sorry Baby
m000zwys,RHS Chelsea Flower Show - Episode 2
p09jkhdg,Glow Up: Britain's Next Make-Up Star - Episode 8
m0010432,Take a Hike - Scotland - Tony
p09jnhz4,CoComelon - The Socks Song
p09r5sr5,Gossip Girl (2021) - Lies Wide Shut
m000pb04,Dennis & Gnasher Unleashed! - Thumb Wars
b09gvjc2,Naples '44
p08mq2df,Good Trouble - Parental Guidance Suggested
m00104xd,"Silent Witness - Brother's Keeper, Part 2"
p08vqpt8,Pretty Little Liars - Pilot
b007vyhh,Educating Rita
m00103rp,Homes Under the Hammer - Episode 63
m000zhk0,Mortimer & Whitehouse: Gone Fishing - Episode 2
b095pp4g,Swashbuckle - Whistleless Whistle
m0007ln6,Numberblocks - One Thousand and One
m0010bbx,Strictly Come Dancing - Week 2 Results
m00104mr,The Repair Shop - Episode 6
m000pb3q,Strictly Come Dancing - Week 3
m00103y4,Strictly Come Dancing - Week 1
m000zwzr,"Silent Witness - Reputations, Part 1"
m000zqr9,A Life in Ten Pictures - Amy Winehouse
m000zqs8,Panorama - Football's Broken Dreams
m0009p0d,Grace's Amazing Machines - Tracked Machines
m000zgd9,H2O: The Molecule That Made Us - Crisis
b087xn9m,"Silent Witness - Identity, Part Two"
p09rbmqq,Gossip Girl (2007-12) - Desperately Seeking Serena
m000t12g,"The Gangster, the Cop, the Devil"
p09r8y75,Gossip Girl (2007-12) - The Townie
m000rq9j,Would I Lie to You? - Episode 4
p09r3nvb,"Gossip Girl (2007-12) - New York, I Love You, XOXO"
b02vqgty,Peter Rabbit - The Tale of the Radish Robber
b087tzkj,"Silent Witness - Identity, Part One"
b03dwq3x,Peaky Blinders - Episode 6
m000xh73,Storyville - Petite Fille
m00104ml,Our Lives - The Girl with the Colourful Leg
b00jzwsf,Horrible Histories - Episode 1
b0077xm1,Boyz n the Hood
p09wjn7j,Good Trouble - Shame
b0406y95,Episode 2
m0009882,Operation Ouch! - What Are Vaccinations For?
m000vv7j,Bluey - Yoga Ball
m000zb3m,Number 1 Newton Avenue - Napkin Disaster
m000vv4d,Bluey - Bob Bilby
m000wgxp,Your Home Made Perfect - Shelley and Steven
m000zgt8,Beyonce at the BBC
b0967gnn,Swashbuckle - Fool's Jewel
m0010415,Panorama - NHS: Wait or Pay?
m00105n3,David Wilson's Crime Files - Missing Presumed Murdered
m00105nv,The Crash Detectives - Episode 1
m00104md,The One Show - 29/09/2021
p05j1k3t,Motherland - Episode 1
p09tqt7x,A Killing in Tiger Bay - The Reckoning
m000rxy1,Incredible Journeys with Simon Reeve - Episode 2
m00104cs,Richard Osman's House of Games Night - Group 1: Week 1
m00104hy,"Silent Witness - Brother's Keeper, Part 1"
p09qt0mf,Gossip Girl (2007-12) - New Haven Can Wait
m000pzfq,Strictly Come Dancing - Week 6
m000zgnk,Vigil - Episode 3
p09m918t,High: Confessions of an Ibiza Drug Mule - Episode 5
p09klswh,"Pose - Something Old, Something New"
m000fc14,Love Monster - Clear Out Day
p09w81sc,The Earthshot Prize: Repairing Our Planet - Protect & Restore Nature
b09l5kf0,Great British Railway Journeys - Cromer to Cambridge
m00104x1,EastEnders - 28/09/2021
p09jgk2r,The Boleyns: A Scandalous Family - Episode 1
m000hr4b,Your Home Made Perfect - Episode 4
m001043t,Escape to the Country - Derbyshire
p03kc000,unknown
m000zqs2,Gardeners' World - Episode 26
m000zqxf,Sorry to Bother You
p09lk2w5,Good Trouble - Help
m000lbd9,JoJo & Gran Gran - It's Time for a Sleepover
b036ybsp,Peter Rabbit - The Tale of the Downhill Escape
m00103yd,"Global Citizen Live: Music Festival for the Planet - Shawn Mendes, Billie Eilish, Coldplay"
m000zynb,A House Through Time - Episode 3
m000y8xs,Ninja Express - What a Drag
p08mq32c,Good Trouble - Imposter
m0010bbd,The Andrew Marr Show - 03/10/2021
m000zynq,NFL This Week - 21/09/2021
